{
    "name"              : "upplayv2",
	"language"          : "fr",
    "plugin"            : "plugin.video.sendtokodiU2P",
    "priority"          : 1000,
    "search_movie"        : [
                            "plugin://plugin.video.sendtokodiU2P/?action=affGlobalHK2={title}",
                            {"year": "{year}"},
							{"dialog": "Auto"}
                          ],
    "search_episode"      : [
                            "plugin://plugin.video.sendtokodiU2P/?action=affGlobalHK2={showname}",
                            {"title": "{showname}"},
                            {"season": "{season}"},
                            {"season": "{season}", "episode": "{episode}"},
							{"dialog": "Auto"}
                          ],
						  "is_resolvable": "true"
}